Title,Price,Rating,ASIN,URL,Reviews,Category,Page
"Fire-Boltt Brillia Smart Watch with 51.3mm (2.02 inch) AMOLED Display, Bluetooth Calling, SpO2, Heart Rate Monitoring, 120+ Sports Modes (Brillia, Black)","₹1,999",4.2,B0D2KK3DW4,https://www.amazon.in/Fire-Boltt-BSW215-Brillia-Black/dp/B0D2KK3DW4/ref=sr_1_37?dib=eyJ2IjoiMSJ9.gswUOeQ3q0F24wYh2PPDcdfTyh2B6aUf-5XNu_703WoZ-0Vq9iOfGS6UBoDni3xpEcpF0MXVUpWBwoMwomK5X7Xlbi4H8BuuyU6bYwBWQS1YthPwcmGhsC4hMudy5jG97XxrE3QRQbNw0MfgzsSpxmqZQhxMYh1qNWy5jrW3JkP40u4cEQW5DzxrKubKizquEnMwxQ8iX3Q2eZSCa18Y1eR1CARwR2EvVmJJvQJKSU0.Qnfp8_bs2o5bWpDHpkieOAZEXBb_Hbsji_Rwxz53CNI&dib_tag=se&keywords=smart+watches&qid=1747131417&sr=8-37,N/A,smart watches,3
"Noise Pulse 2 Max 1.85"" Display, Bluetooth Calling Smart Watch, 10 Days Battery, 550 NITS Brightness, Smart DND, 100 Sports Modes, Smartwatch for Men and Women (Rose Pink)","₹1,399",4.0,B0B6BQ711Q,https://www.amazon.in/Noise-Advanced-Bluetooth-Brightness-Smartwatch/dp/B0B6BQ711Q/ref=sr_1_36?dib=eyJ2IjoiMSJ9.gswUOeQ3q0F24wYh2PPDcdfTyh2B6aUf-5XNu_703WoZ-0Vq9iOfGS6UBoDni3xpEcpF0MXVUpWBwoMwomK5X7Xlbi4H8BuuyU6bYwBWQS1YthPwcmGhsC4hMudy5jG97XxrE3QRQbNw0MfgzsSpxmqZQhxMYh1qNWy5jrW3JkP40u4cEQW5DzxrKubKizquEnMwxQ8iX3Q2eZSCa18Y1eR1CARwR2EvVmJJvQJKSU0.Qnfp8_bs2o5bWpDHpkieOAZEXBb_Hbsji_Rwxz53CNI&dib_tag=se&keywords=smart+watches&qid=1747131417&sr=8-36,N/A,smart watches,3
"Vibez Vintage Luxury Smart Watch for Women & Men with 1.57 TFT HD Display, Metal Straps, Health Monitoring, Bluetooth Calling Smartwatch, IP67, Sports Mode, Unisex Smartwatch for Men & Women (Black)",₹999,4.1,B0DB7YVBPN,https://www.amazon.in/Vibez-Vintage-Monitoring-Bluetooth-Smartwatch/dp/B0DB7YVBPN/ref=sr_1_35?dib=eyJ2IjoiMSJ9.gswUOeQ3q0F24wYh2PPDcdfTyh2B6aUf-5XNu_703WoZ-0Vq9iOfGS6UBoDni3xpEcpF0MXVUpWBwoMwomK5X7Xlbi4H8BuuyU6bYwBWQS1YthPwcmGhsC4hMudy5jG97XxrE3QRQbNw0MfgzsSpxmqZQhxMYh1qNWy5jrW3JkP40u4cEQW5DzxrKubKizquEnMwxQ8iX3Q2eZSCa18Y1eR1CARwR2EvVmJJvQJKSU0.Qnfp8_bs2o5bWpDHpkieOAZEXBb_Hbsji_Rwxz53CNI&dib_tag=se&keywords=smart+watches&qid=1747131417&sr=8-35,N/A,smart watches,3
"boAt New Launch Ultima Ember Smartwatch w/ 1.96” (4.97 cm) AMOLED Display, Personalized Fitness Nudges, Functional Crown, 100+ Sports Modes, Custom Watch Faces (Bold Black)","₹2,199",4.3,B0DSFS2H6Y,https://www.amazon.in/boAt-Ultima-Ember-Smartwatch-Personalized/dp/B0DSFS2H6Y/ref=sr_1_39?dib=eyJ2IjoiMSJ9.gswUOeQ3q0F24wYh2PPDcdfTyh2B6aUf-5XNu_703WoZ-0Vq9iOfGS6UBoDni3xpEcpF0MXVUpWBwoMwomK5X7Xlbi4H8BuuyU6bYwBWQS1YthPwcmGhsC4hMudy5jG97XxrE3QRQbNw0MfgzsSpxmqZQhxMYh1qNWy5jrW3JkP40u4cEQW5DzxrKubKizquEnMwxQ8iX3Q2eZSCa18Y1eR1CARwR2EvVmJJvQJKSU0.Qnfp8_bs2o5bWpDHpkieOAZEXBb_Hbsji_Rwxz53CNI&dib_tag=se&keywords=smart+watches&qid=1747131417&sr=8-39,N/A,smart watches,3
"Fire-Boltt Ninja Call Pro Max Smart Watch 2.01 inch Display, Bluetooth Calling, 120+ Sports Modes, Health Suite, Voice Assistance (Gold SS)",N/A,3.7,B0DKC2HRMG,https://www.amazon.in/Fire-Boltt-Display-Bluetooth-Calling-Assistance/dp/B0DKC2HRMG/ref=sr_1_38?dib=eyJ2IjoiMSJ9.gswUOeQ3q0F24wYh2PPDcdfTyh2B6aUf-5XNu_703WoZ-0Vq9iOfGS6UBoDni3xpEcpF0MXVUpWBwoMwomK5X7Xlbi4H8BuuyU6bYwBWQS1YthPwcmGhsC4hMudy5jG97XxrE3QRQbNw0MfgzsSpxmqZQhxMYh1qNWy5jrW3JkP40u4cEQW5DzxrKubKizquEnMwxQ8iX3Q2eZSCa18Y1eR1CARwR2EvVmJJvQJKSU0.Qnfp8_bs2o5bWpDHpkieOAZEXBb_Hbsji_Rwxz53CNI&dib_tag=se&keywords=smart+watches&qid=1747131417&sr=8-38,N/A,smart watches,3
"Titan Crest Premium Smart Watch|1.43"" AMOLED Display with AOD|466x466 Pixel Resolution|Functional Crown|SingleSync BT Calling|Advanced Chipset|100+ Sports Modes & WatchfacesIP68 Smartwatch,Black","₹5,999",3.6,B0CLRCTC58,https://www.amazon.in/Titan-Resolution-Functional-SingleSync-WatchfacesIP68/dp/B0CLRCTC58/ref=sr_1_42?dib=eyJ2IjoiMSJ9.gswUOeQ3q0F24wYh2PPDcdfTyh2B6aUf-5XNu_703WoZ-0Vq9iOfGS6UBoDni3xpEcpF0MXVUpWBwoMwomK5X7Xlbi4H8BuuyU6bYwBWQS1YthPwcmGhsC4hMudy5jG97XxrE3QRQbNw0MfgzsSpxmqZQhxMYh1qNWy5jrW3JkP40u4cEQW5DzxrKubKizquEnMwxQ8iX3Q2eZSCa18Y1eR1CARwR2EvVmJJvQJKSU0.Qnfp8_bs2o5bWpDHpkieOAZEXBb_Hbsji_Rwxz53CNI&dib_tag=se&keywords=smart+watches&qid=1747131417&sr=8-42,N/A,smart watches,3
"Noise Twist Go Bluetooth Calling Smart Watch for Women with Sleek Metal Dial, Glossy Finish, 1.39"" Display, 100+ Watch Faces, IP68, Sleep Tracking, Voice Assistance, Upto 7 Days Battery (Gold Link)","₹1,699",3.8,B0CQ4HSR2D,https://www.amazon.in/Noise-Smartwatch-Calling-Tracking-Monitoring/dp/B0CQ4HSR2D/ref=sr_1_43?dib=eyJ2IjoiMSJ9.gswUOeQ3q0F24wYh2PPDcdfTyh2B6aUf-5XNu_703WoZ-0Vq9iOfGS6UBoDni3xpEcpF0MXVUpWBwoMwomK5X7Xlbi4H8BuuyU6bYwBWQS1YthPwcmGhsC4hMudy5jG97XxrE3QRQbNw0MfgzsSpxmqZQhxMYh1qNWy5jrW3JkP40u4cEQW5DzxrKubKizquEnMwxQ8iX3Q2eZSCa18Y1eR1CARwR2EvVmJJvQJKSU0.Qnfp8_bs2o5bWpDHpkieOAZEXBb_Hbsji_Rwxz53CNI&dib_tag=se&keywords=smart+watches&qid=1747131417&sr=8-43,N/A,smart watches,3
"NoiseFit Halo 1.43"" AMOLED Display, Bluetooth Calling Round Dial Smart Watch, Premium Metallic Build, Always on Display, Smart Gesture Control, 100 Sports Modes (Vintage Brown)","₹2,999",4.1,B0BN1ZG1QZ,https://www.amazon.in/NoiseFit-Display-Bluetooth-Calling-Metallic/dp/B0BN1ZG1QZ/ref=sr_1_45?dib=eyJ2IjoiMSJ9.gswUOeQ3q0F24wYh2PPDcdfTyh2B6aUf-5XNu_703WoZ-0Vq9iOfGS6UBoDni3xpEcpF0MXVUpWBwoMwomK5X7Xlbi4H8BuuyU6bYwBWQS1YthPwcmGhsC4hMudy5jG97XxrE3QRQbNw0MfgzsSpxmqZQhxMYh1qNWy5jrW3JkP40u4cEQW5DzxrKubKizquEnMwxQ8iX3Q2eZSCa18Y1eR1CARwR2EvVmJJvQJKSU0.Qnfp8_bs2o5bWpDHpkieOAZEXBb_Hbsji_Rwxz53CNI&dib_tag=se&keywords=smart+watches&qid=1747131417&sr=8-45,N/A,smart watches,3
"Fire-Boltt 4G Pro Volte Calling Smart Watch- 2.02” TFT Display, 4G Nano-SIM GPS, Health Suite, Sports Modes, 400mAh Battery (Black)","₹1,949",2.9,B0CXXDG3LS,https://www.amazon.in/Fire-Boltt-Calling-Display-Nano-SIM-Battery/dp/B0CXXDG3LS/ref=sr_1_46?dib=eyJ2IjoiMSJ9.gswUOeQ3q0F24wYh2PPDcdfTyh2B6aUf-5XNu_703WoZ-0Vq9iOfGS6UBoDni3xpEcpF0MXVUpWBwoMwomK5X7Xlbi4H8BuuyU6bYwBWQS1YthPwcmGhsC4hMudy5jG97XxrE3QRQbNw0MfgzsSpxmqZQhxMYh1qNWy5jrW3JkP40u4cEQW5DzxrKubKizquEnMwxQ8iX3Q2eZSCa18Y1eR1CARwR2EvVmJJvQJKSU0.Qnfp8_bs2o5bWpDHpkieOAZEXBb_Hbsji_Rwxz53CNI&dib_tag=se&keywords=smart+watches&qid=1747131417&sr=8-46,N/A,smart watches,3
"boAt New Launch Storm Infinity w/15 Days Extensive Battery fueled by Huge 550mAh Battery, Fast Charge, 1.83”(4.65cm)HD Display, Functional Crown, BT Calling, Smart watch for Men & Women (Active Black)","₹1,599",3.9,B0DZ2PDXLS,https://www.amazon.in/boAt-Infinity-Extensive-Battery-Functional/dp/B0DZ2PDXLS/ref=sr_1_44?dib=eyJ2IjoiMSJ9.gswUOeQ3q0F24wYh2PPDcdfTyh2B6aUf-5XNu_703WoZ-0Vq9iOfGS6UBoDni3xpEcpF0MXVUpWBwoMwomK5X7Xlbi4H8BuuyU6bYwBWQS1YthPwcmGhsC4hMudy5jG97XxrE3QRQbNw0MfgzsSpxmqZQhxMYh1qNWy5jrW3JkP40u4cEQW5DzxrKubKizquEnMwxQ8iX3Q2eZSCa18Y1eR1CARwR2EvVmJJvQJKSU0.Qnfp8_bs2o5bWpDHpkieOAZEXBb_Hbsji_Rwxz53CNI&dib_tag=se&keywords=smart+watches&qid=1747131417&sr=8-44,N/A,smart watches,3
"Boat Wave Sigma 3 w/Turn-by-Turn Navigation, 2.01"" (5.1 cm) HD Display, Bluetooth Calling, Crest+ OS, QR Tray, Watch Face Studio, Coins, Emergency SOS Smart Watch for Men & Women(Active Black)","₹1,199",3.9,B0CVQG14RR,https://www.amazon.in/boAt-Navigation-Display-Bluetooth-Emergency/dp/B0CVQG14RR/ref=sr_1_47?dib=eyJ2IjoiMSJ9.gswUOeQ3q0F24wYh2PPDcdfTyh2B6aUf-5XNu_703WoZ-0Vq9iOfGS6UBoDni3xpEcpF0MXVUpWBwoMwomK5X7Xlbi4H8BuuyU6bYwBWQS1YthPwcmGhsC4hMudy5jG97XxrE3QRQbNw0MfgzsSpxmqZQhxMYh1qNWy5jrW3JkP40u4cEQW5DzxrKubKizquEnMwxQ8iX3Q2eZSCa18Y1eR1CARwR2EvVmJJvQJKSU0.Qnfp8_bs2o5bWpDHpkieOAZEXBb_Hbsji_Rwxz53CNI&dib_tag=se&keywords=smart+watches&qid=1747131417&sr=8-47,N/A,smart watches,3
"NoiseFit Halo 1.43"" AMOLED Display, Bluetooth Calling Round Dial Smart Watch, Premium Metallic Build, Always on Display, Smart Gesture Control, 100 Sports Modes (Jet Black)","₹2,999",4.1,B0BLHGBSG8,https://www.amazon.in/Noise-Standard-Bluetooth-Metallic-Suite-Jet/dp/B0BLHGBSG8/ref=sr_1_48?dib=eyJ2IjoiMSJ9.gswUOeQ3q0F24wYh2PPDcdfTyh2B6aUf-5XNu_703WoZ-0Vq9iOfGS6UBoDni3xpEcpF0MXVUpWBwoMwomK5X7Xlbi4H8BuuyU6bYwBWQS1YthPwcmGhsC4hMudy5jG97XxrE3QRQbNw0MfgzsSpxmqZQhxMYh1qNWy5jrW3JkP40u4cEQW5DzxrKubKizquEnMwxQ8iX3Q2eZSCa18Y1eR1CARwR2EvVmJJvQJKSU0.Qnfp8_bs2o5bWpDHpkieOAZEXBb_Hbsji_Rwxz53CNI&dib_tag=se&keywords=smart+watches&qid=1747131417&sr=8-48,N/A,smart watches,3
"Noise Pulse Go Buzz Smart Watch with Advanced Bluetooth Calling, 1.69"" TFT Display, SpO2, 100 Sports Mode with Auto Detection, Upto 7 Days Battery (2 Days with Heavy Calling) - Jet Black","₹1,299",4.0,B0B5LVS732,https://www.amazon.in/Noise-Bluetooth-Calling-Tracking-Detection/dp/B0B5LVS732/ref=sr_1_33?dib=eyJ2IjoiMSJ9.gswUOeQ3q0F24wYh2PPDcdfTyh2B6aUf-5XNu_703WoZ-0Vq9iOfGS6UBoDni3xpEcpF0MXVUpWBwoMwomK5X7Xlbi4H8BuuyU6bYwBWQS1YthPwcmGhsC4hMudy5jG97XxrE3QRQbNw0MfgzsSpxmqZQhxMYh1qNWy5jrW3JkP40u4cEQW5DzxrKubKizquEnMwxQ8iX3Q2eZSCa18Y1eR1CARwR2EvVmJJvQJKSU0.Qnfp8_bs2o5bWpDHpkieOAZEXBb_Hbsji_Rwxz53CNI&dib_tag=se&keywords=smart+watches&qid=1747131417&sr=8-33,No reviews found,smart watches,3
"Fire-Boltt Phoenix Pro Smart Watch 1.39 inch Bluetooth Calling, AI Voice Assistant, Metal Body with 120+ Sports Modes, SpO2, Heart Rate Monitoring (Black)","₹1,399",3.9,B0BRKXXPZ7,https://www.amazon.in/Fire-Boltt-Bluetooth-Smartwatch-Assistant-Monitoring/dp/B0BRKXXPZ7/ref=sr_1_34?dib=eyJ2IjoiMSJ9.gswUOeQ3q0F24wYh2PPDcdfTyh2B6aUf-5XNu_703WoZ-0Vq9iOfGS6UBoDni3xpEcpF0MXVUpWBwoMwomK5X7Xlbi4H8BuuyU6bYwBWQS1YthPwcmGhsC4hMudy5jG97XxrE3QRQbNw0MfgzsSpxmqZQhxMYh1qNWy5jrW3JkP40u4cEQW5DzxrKubKizquEnMwxQ8iX3Q2eZSCa18Y1eR1CARwR2EvVmJJvQJKSU0.Qnfp8_bs2o5bWpDHpkieOAZEXBb_Hbsji_Rwxz53CNI&dib_tag=se&keywords=smart+watches&qid=1747131417&sr=8-34,No reviews found,smart watches,3
"Fastrack Limitless FS2+ Smart Watch, 2.01"" UltraVU Display, Functional Crown, SingleSync BT Calling, 110+ Sports Modes, 200+ Smartwatch Faces, Upto 7 Day Battery, AI Voice Assistant (Beige)","₹1,599",3.8,B0D95ZXDYJ,https://www.amazon.in/Fastrack-Limitless-Functional-SingleSync-Smartwatch/dp/B0D95ZXDYJ/ref=sr_1_40?dib=eyJ2IjoiMSJ9.gswUOeQ3q0F24wYh2PPDcdfTyh2B6aUf-5XNu_703WoZ-0Vq9iOfGS6UBoDni3xpEcpF0MXVUpWBwoMwomK5X7Xlbi4H8BuuyU6bYwBWQS1YthPwcmGhsC4hMudy5jG97XxrE3QRQbNw0MfgzsSpxmqZQhxMYh1qNWy5jrW3JkP40u4cEQW5DzxrKubKizquEnMwxQ8iX3Q2eZSCa18Y1eR1CARwR2EvVmJJvQJKSU0.Qnfp8_bs2o5bWpDHpkieOAZEXBb_Hbsji_Rwxz53CNI&dib_tag=se&keywords=smart+watches&qid=1747131417&sr=8-40,No reviews found,smart watches,3
"Fire-Boltt Brillia Smart Watch with 51.3mm (2.02 inch) AMOLED Display, Bluetooth Calling, SpO2, Heart Rate Monitoring, 120+ Sports Modes (Brillia, Beige)","₹1,999",4.2,B0D2KGZZ4R,https://www.amazon.in/Fire-Boltt-BSW215-Brillia-Champagne/dp/B0D2KGZZ4R/ref=sr_1_41?dib=eyJ2IjoiMSJ9.gswUOeQ3q0F24wYh2PPDcdfTyh2B6aUf-5XNu_703WoZ-0Vq9iOfGS6UBoDni3xpEcpF0MXVUpWBwoMwomK5X7Xlbi4H8BuuyU6bYwBWQS1YthPwcmGhsC4hMudy5jG97XxrE3QRQbNw0MfgzsSpxmqZQhxMYh1qNWy5jrW3JkP40u4cEQW5DzxrKubKizquEnMwxQ8iX3Q2eZSCa18Y1eR1CARwR2EvVmJJvQJKSU0.Qnfp8_bs2o5bWpDHpkieOAZEXBb_Hbsji_Rwxz53CNI&dib_tag=se&keywords=smart+watches&qid=1747131417&sr=8-41,No reviews found,smart watches,3
"Zebronics Iconic AMOLED Bluetooth Calling Smartwatch, 4.52cm (1.8""), Always ON Display, 2 Buttons, 10 Built-in & 100+ Watch Faces, 100+ Sport Modes, Built-in Games, Calculator, IP67.(Black)","₹2,465",3.9,B0B2JQ3RY7,https://www.amazon.in/Zebronic-Bluetooth-Smartwatch-Calculator-Black/dp/B0B2JQ3RY7/ref=sr_1_198?dib=eyJ2IjoiMSJ9.xXtIGd0KiFd0VYPhSeZFj7OtUBx88wVztTbtUeADVdZMN4jAmNp0eUThtTyQ9BfuD0KsE6NNCXZSDa5SRNBnAT4BTVpzsexprHczlnWEMK4tusn8_H6jsrqbccjtckFvfG8t9kP6u42IKGxAElfuq4q6-tiTwj2Q7EB3-h4QU-G0I_IKp85vsKvR1ySeRs7IJDY0WdMik1uniP-6Tgi_T5sxtjQlePI3i6gO618stZE.3k6Sqcg2ry8wVMDzFh04pVFQHBuJ6FOpJl6i-_6dNS8&dib_tag=se&keywords=smart+watches&qid=1747131418&sr=8-198,N/A,smart watches,13
"IIK COLLECTION 22mm Silicone Strap for Smart Watches | Combo Pack Compatible With Noise, Fireboltt, Boat Xtend, Pebble, Boat Flash, Noise Color Fit, Ultra Smart Watch & All Watches",₹549,3.9,B0CWXMQQFJ,https://www.amazon.in/IIK-COLLECTION-Silicone-Compatible-Fireboltt/dp/B0CWXMQQFJ/ref=sr_1_199?dib=eyJ2IjoiMSJ9.xXtIGd0KiFd0VYPhSeZFj7OtUBx88wVztTbtUeADVdZMN4jAmNp0eUThtTyQ9BfuD0KsE6NNCXZSDa5SRNBnAT4BTVpzsexprHczlnWEMK4tusn8_H6jsrqbccjtckFvfG8t9kP6u42IKGxAElfuq4q6-tiTwj2Q7EB3-h4QU-G0I_IKp85vsKvR1ySeRs7IJDY0WdMik1uniP-6Tgi_T5sxtjQlePI3i6gO618stZE.3k6Sqcg2ry8wVMDzFh04pVFQHBuJ6FOpJl6i-_6dNS8&dib_tag=se&keywords=smart+watches&qid=1747131418&sr=8-199,N/A,smart watches,13
ACM Watch Strap Leather Magnetic Silicone 22mm compatible with Boat Watch Primia Smartwatch Belt Luxury Band,₹389,4.4,B0DQ7VZ1NQ,https://www.amazon.in/ACM-Magnetic-Silicone-compatible-Smartwatch/dp/B0DQ7VZ1NQ/ref=sr_1_201?dib=eyJ2IjoiMSJ9.xXtIGd0KiFd0VYPhSeZFj7OtUBx88wVztTbtUeADVdZMN4jAmNp0eUThtTyQ9BfuD0KsE6NNCXZSDa5SRNBnAT4BTVpzsexprHczlnWEMK4tusn8_H6jsrqbccjtckFvfG8t9kP6u42IKGxAElfuq4q6-tiTwj2Q7EB3-h4QU-G0I_IKp85vsKvR1ySeRs7IJDY0WdMik1uniP-6Tgi_T5sxtjQlePI3i6gO618stZE.3k6Sqcg2ry8wVMDzFh04pVFQHBuJ6FOpJl6i-_6dNS8&dib_tag=se&keywords=smart+watches&qid=1747131418&sr=8-201,N/A,smart watches,13
"GameSir Gen 9 Smart Watch Rose Gold Chain Strap 1.69"" AMOLED Display IP67 Waterproof High Resolution Bluetooth Calling 100+Sports Mode SPO2, Gifting Watch Luxury Round Dial Smartwatch for Men & Women","₹1,749",4.3,B0D1GHWNMP,https://www.amazon.in/GAMESIR-Waterproof-Resolution-Bluetooth-Smartwatch/dp/B0D1GHWNMP/ref=sr_1_193?dib=eyJ2IjoiMSJ9.xXtIGd0KiFd0VYPhSeZFj7OtUBx88wVztTbtUeADVdZMN4jAmNp0eUThtTyQ9BfuD0KsE6NNCXZSDa5SRNBnAT4BTVpzsexprHczlnWEMK4tusn8_H6jsrqbccjtckFvfG8t9kP6u42IKGxAElfuq4q6-tiTwj2Q7EB3-h4QU-G0I_IKp85vsKvR1ySeRs7IJDY0WdMik1uniP-6Tgi_T5sxtjQlePI3i6gO618stZE.3k6Sqcg2ry8wVMDzFh04pVFQHBuJ6FOpJl6i-_6dNS8&dib_tag=se&keywords=smart+watches&qid=1747131418&sr=8-193,N/A,smart watches,13
"SE HUB HW Watch X Call Smart Watch with 4G Sim Card with Hiden 180°Camera, Amoled Hd Display, 4Gb Ram64 Gb Storage App Working Whatsapp, Instagram, App Store etc | Smart Watch (Black)","₹5,699",N/A,B0DY1KFQCJ,https://www.amazon.in/SE-HUB-HW-180%C2%B0Camera-Instagram/dp/B0DY1KFQCJ/ref=sr_1_195?dib=eyJ2IjoiMSJ9.xXtIGd0KiFd0VYPhSeZFj7OtUBx88wVztTbtUeADVdZMN4jAmNp0eUThtTyQ9BfuD0KsE6NNCXZSDa5SRNBnAT4BTVpzsexprHczlnWEMK4tusn8_H6jsrqbccjtckFvfG8t9kP6u42IKGxAElfuq4q6-tiTwj2Q7EB3-h4QU-G0I_IKp85vsKvR1ySeRs7IJDY0WdMik1uniP-6Tgi_T5sxtjQlePI3i6gO618stZE.3k6Sqcg2ry8wVMDzFh04pVFQHBuJ6FOpJl6i-_6dNS8&dib_tag=se&keywords=smart+watches&qid=1747131418&sr=8-195,N/A,smart watches,13
"Vibez by Lifelong Emerald Men Smartwatch with Bluetooth Calling|Multiple Straps (VBSWM189, 1 Year Manufacturer Warranty, Black)","₹1,499",3.5,B0BWYLL6NL,https://www.amazon.in/Vibez-Smartwatch-Watch-Two-Bluetooth-VBSWM189/dp/B0BWYLL6NL/ref=sr_1_202?dib=eyJ2IjoiMSJ9.xXtIGd0KiFd0VYPhSeZFj7OtUBx88wVztTbtUeADVdZMN4jAmNp0eUThtTyQ9BfuD0KsE6NNCXZSDa5SRNBnAT4BTVpzsexprHczlnWEMK4tusn8_H6jsrqbccjtckFvfG8t9kP6u42IKGxAElfuq4q6-tiTwj2Q7EB3-h4QU-G0I_IKp85vsKvR1ySeRs7IJDY0WdMik1uniP-6Tgi_T5sxtjQlePI3i6gO618stZE.3k6Sqcg2ry8wVMDzFh04pVFQHBuJ6FOpJl6i-_6dNS8&dib_tag=se&keywords=smart+watches&qid=1747131418&sr=8-202,N/A,smart watches,13
VARDIAS COLLECTIONS Digital T800 Ultra Smart Earth Waterproof Multi-Functional Automatic Sports Watch with Fitness Tracker Heart Rate Monitor Bluetooth Call for Men and Kids,₹499,N/A,B0F5N2LT32,https://www.amazon.in/VARDIAS-COLLECTIONS-Waterproof-Multi-Functional-Automatic/dp/B0F5N2LT32/ref=sr_1_200?dib=eyJ2IjoiMSJ9.xXtIGd0KiFd0VYPhSeZFj7OtUBx88wVztTbtUeADVdZMN4jAmNp0eUThtTyQ9BfuD0KsE6NNCXZSDa5SRNBnAT4BTVpzsexprHczlnWEMK4tusn8_H6jsrqbccjtckFvfG8t9kP6u42IKGxAElfuq4q6-tiTwj2Q7EB3-h4QU-G0I_IKp85vsKvR1ySeRs7IJDY0WdMik1uniP-6Tgi_T5sxtjQlePI3i6gO618stZE.3k6Sqcg2ry8wVMDzFh04pVFQHBuJ6FOpJl6i-_6dNS8&dib_tag=se&keywords=smart+watches&qid=1747131418&sr=8-200,N/A,smart watches,13
"ZOVUTA Silicone Digital Dial Waterproof Smart Design Led Display Kids Watch For Boys & Girls, Men And Women, Birthday Gift, Rakhi Gift (Age 4-15 Years) (Orange-(Pack Of 1))",₹295,3.8,B0CT2F2RKF,https://www.amazon.in/ZOVUTA-Waterproof-Smart-Design-Display/dp/B0CT2F2RKF/ref=sr_1_196?dib=eyJ2IjoiMSJ9.xXtIGd0KiFd0VYPhSeZFj7OtUBx88wVztTbtUeADVdZMN4jAmNp0eUThtTyQ9BfuD0KsE6NNCXZSDa5SRNBnAT4BTVpzsexprHczlnWEMK4tusn8_H6jsrqbccjtckFvfG8t9kP6u42IKGxAElfuq4q6-tiTwj2Q7EB3-h4QU-G0I_IKp85vsKvR1ySeRs7IJDY0WdMik1uniP-6Tgi_T5sxtjQlePI3i6gO618stZE.3k6Sqcg2ry8wVMDzFh04pVFQHBuJ6FOpJl6i-_6dNS8&dib_tag=se&keywords=smart+watches&qid=1747131418&sr=8-196,N/A,smart watches,13
"Vibez Majestic Luxury Smartwatch for Women & Men - Stainless Steel Strap, 1.83""Display, High Resolution, 60 Sports Modes,100+ Watch Faces, Long Battery & Bluetooth Calling Smart Watch for Women & Men","₹1,199",3.3,B0D8HZ2FKZ,https://www.amazon.in/Vibez-Majestic-Luxury-Smartwatch-Women/dp/B0D8HZ2FKZ/ref=sr_1_194?dib=eyJ2IjoiMSJ9.xXtIGd0KiFd0VYPhSeZFj7OtUBx88wVztTbtUeADVdZMN4jAmNp0eUThtTyQ9BfuD0KsE6NNCXZSDa5SRNBnAT4BTVpzsexprHczlnWEMK4tusn8_H6jsrqbccjtckFvfG8t9kP6u42IKGxAElfuq4q6-tiTwj2Q7EB3-h4QU-G0I_IKp85vsKvR1ySeRs7IJDY0WdMik1uniP-6Tgi_T5sxtjQlePI3i6gO618stZE.3k6Sqcg2ry8wVMDzFh04pVFQHBuJ6FOpJl6i-_6dNS8&dib_tag=se&keywords=smart+watches&qid=1747131418&sr=8-194,N/A,smart watches,13
MARVIK Soft Silicone Adjustable Band Strap Compatible for Oneplus Smart Band & Oppo Smart Band,₹249,3.8,B0B7J1QG1F,https://www.amazon.in/MARVIK-Silicone-Adjustable-Compatible-Oneplus/dp/B0B7J1QG1F/ref=sr_1_203?dib=eyJ2IjoiMSJ9.xXtIGd0KiFd0VYPhSeZFj7OtUBx88wVztTbtUeADVdZMN4jAmNp0eUThtTyQ9BfuD0KsE6NNCXZSDa5SRNBnAT4BTVpzsexprHczlnWEMK4tusn8_H6jsrqbccjtckFvfG8t9kP6u42IKGxAElfuq4q6-tiTwj2Q7EB3-h4QU-G0I_IKp85vsKvR1ySeRs7IJDY0WdMik1uniP-6Tgi_T5sxtjQlePI3i6gO618stZE.3k6Sqcg2ry8wVMDzFh04pVFQHBuJ6FOpJl6i-_6dNS8&dib_tag=se&keywords=smart+watches&qid=1747131418&sr=8-203,N/A,smart watches,13
"Giordano Silver Unisex Smart Watch. 1.3” Display, Heart & SpO2 Monitoring,Multi-Sports Modes,Sleep Monitor & IP68 Water Resistance","₹2,940",2.0,B0B31QS4L7,https://www.amazon.in/Giordano-Display-Monitoring-Multi-Sports-Resistance/dp/B0B31QS4L7/ref=sr_1_204?dib=eyJ2IjoiMSJ9.xXtIGd0KiFd0VYPhSeZFj7OtUBx88wVztTbtUeADVdZMN4jAmNp0eUThtTyQ9BfuD0KsE6NNCXZSDa5SRNBnAT4BTVpzsexprHczlnWEMK4tusn8_H6jsrqbccjtckFvfG8t9kP6u42IKGxAElfuq4q6-tiTwj2Q7EB3-h4QU-G0I_IKp85vsKvR1ySeRs7IJDY0WdMik1uniP-6Tgi_T5sxtjQlePI3i6gO618stZE.3k6Sqcg2ry8wVMDzFh04pVFQHBuJ6FOpJl6i-_6dNS8&dib_tag=se&keywords=smart+watches&qid=1747131418&sr=8-204,N/A,smart watches,13
"Helix Metalfit SPO2 smartwatch with Full Metal Body and Touch to Wake Feature, HRM, Sleep & Activity Tracker","₹2,476",3.5,B09CPKHNYV,https://www.amazon.in/Helix-Metal-Fit-Smartwatch-TW0HXW301T-TW0HXW301T-Grey/dp/B09CPKHNYV/ref=sr_1_205?dib=eyJ2IjoiMSJ9.xXtIGd0KiFd0VYPhSeZFj7OtUBx88wVztTbtUeADVdZMN4jAmNp0eUThtTyQ9BfuD0KsE6NNCXZSDa5SRNBnAT4BTVpzsexprHczlnWEMK4tusn8_H6jsrqbccjtckFvfG8t9kP6u42IKGxAElfuq4q6-tiTwj2Q7EB3-h4QU-G0I_IKp85vsKvR1ySeRs7IJDY0WdMik1uniP-6Tgi_T5sxtjQlePI3i6gO618stZE.3k6Sqcg2ry8wVMDzFh04pVFQHBuJ6FOpJl6i-_6dNS8&dib_tag=se&keywords=smart+watches&qid=1747131418&sr=8-205,N/A,smart watches,13
"Spigen Modern Fit for Galaxy watch 3 45mm, Galaxy Watch 46mm and other smartwatch models compatible with 22mm Strap Band -Black","₹1,679",4.3,B07H7X1187,https://www.amazon.in/Spigen-Modern-Designed-Samsung-Galaxy/dp/B07H7X1187/ref=sr_1_208?dib=eyJ2IjoiMSJ9.xXtIGd0KiFd0VYPhSeZFj7OtUBx88wVztTbtUeADVdZMN4jAmNp0eUThtTyQ9BfuD0KsE6NNCXZSDa5SRNBnAT4BTVpzsexprHczlnWEMK4tusn8_H6jsrqbccjtckFvfG8t9kP6u42IKGxAElfuq4q6-tiTwj2Q7EB3-h4QU-G0I_IKp85vsKvR1ySeRs7IJDY0WdMik1uniP-6Tgi_T5sxtjQlePI3i6gO618stZE.3k6Sqcg2ry8wVMDzFh04pVFQHBuJ6FOpJl6i-_6dNS8&dib_tag=se&keywords=smart+watches&qid=1747131418&sr=8-208,N/A,smart watches,13
"ZOVUTA Digital Dial Waterproof Stylish & Fashionable Wrist Smart Watch LED Band for Kids, Colorful Cartoon for Boys & Girls (Removable Silicon Strap) (Red Iron Man Character)",₹260,4.1,B0DJ133Y8G,https://www.amazon.in/ZOVUTA-Waterproof-Fashionable-Watch-Cartoon/dp/B0DJ133Y8G/ref=sr_1_207?dib=eyJ2IjoiMSJ9.xXtIGd0KiFd0VYPhSeZFj7OtUBx88wVztTbtUeADVdZMN4jAmNp0eUThtTyQ9BfuD0KsE6NNCXZSDa5SRNBnAT4BTVpzsexprHczlnWEMK4tusn8_H6jsrqbccjtckFvfG8t9kP6u42IKGxAElfuq4q6-tiTwj2Q7EB3-h4QU-G0I_IKp85vsKvR1ySeRs7IJDY0WdMik1uniP-6Tgi_T5sxtjQlePI3i6gO618stZE.3k6Sqcg2ry8wVMDzFh04pVFQHBuJ6FOpJl6i-_6dNS8&dib_tag=se&keywords=smart+watches&qid=1747131418&sr=8-207,N/A,smart watches,13
"AQFIT W6 Smartwatch IP68 Water Resistant | 1.69"" Full Touch Screen Display | Up to 10 Days of Battery Life | Integrated Health Check | 5.0 Bluetooth | for Men and Women - Black","₹1,490",3.9,B09NRPXVBL,https://www.amazon.in/AQFIT-Smartwatch-Resistant-Integrated-Bluetooth/dp/B09NRPXVBL/ref=sr_1_197?dib=eyJ2IjoiMSJ9.xXtIGd0KiFd0VYPhSeZFj7OtUBx88wVztTbtUeADVdZMN4jAmNp0eUThtTyQ9BfuD0KsE6NNCXZSDa5SRNBnAT4BTVpzsexprHczlnWEMK4tusn8_H6jsrqbccjtckFvfG8t9kP6u42IKGxAElfuq4q6-tiTwj2Q7EB3-h4QU-G0I_IKp85vsKvR1ySeRs7IJDY0WdMik1uniP-6Tgi_T5sxtjQlePI3i6gO618stZE.3k6Sqcg2ry8wVMDzFh04pVFQHBuJ6FOpJl6i-_6dNS8&dib_tag=se&keywords=smart+watches&qid=1747131418&sr=8-197,No reviews found,smart watches,13
"Sounce Silicone 22mm Replacement Band Strap with Metal Buckle Compatible with Fire-Boltt, Boat, Noise, Amazfit, beatXp & Other 22mm Watches",₹299,3.9,B0B9YD9PH4,https://www.amazon.in/Sounce-Silicone-Replacement-Compatible-Fireboltt/dp/B0B9YD9PH4/ref=sr_1_206?dib=eyJ2IjoiMSJ9.xXtIGd0KiFd0VYPhSeZFj7OtUBx88wVztTbtUeADVdZMN4jAmNp0eUThtTyQ9BfuD0KsE6NNCXZSDa5SRNBnAT4BTVpzsexprHczlnWEMK4tusn8_H6jsrqbccjtckFvfG8t9kP6u42IKGxAElfuq4q6-tiTwj2Q7EB3-h4QU-G0I_IKp85vsKvR1ySeRs7IJDY0WdMik1uniP-6Tgi_T5sxtjQlePI3i6gO618stZE.3k6Sqcg2ry8wVMDzFh04pVFQHBuJ6FOpJl6i-_6dNS8&dib_tag=se&keywords=smart+watches&qid=1747131418&sr=8-206,No reviews found,smart watches,13
"Fastrack Limitless FS2+ Smart Watch, 2.01"" UltraVU Display, Functional Crown, SingleSync BT Calling, 110+ Sports Modes, 200+ Smartwatch Faces, Upto 7 Day Battery, AI Voice Assistant (Beige)","₹1,599",3.8,B0D95ZXDYJ,https://www.amazon.in/Fastrack-Limitless-Functional-SingleSync-Smartwatch/dp/B0D95ZXDYJ/ref=sr_1_19?dib=eyJ2IjoiMSJ9.ufGcixDTmwrhHBNdjm2Wx-1Y4TYIG9SLzHfONYdH4IN-82THKAzUETh-DCuT2lxiamN01giMwPYRmTqYzcxoIc4NaMMgmzl3WL2BTWiroksNoQvKbtoplEyk0NS2jhpP8-tEPblt6RwtDosnIAt1NkZp3lobMizmZFEPdrbc6X4Ki2OK4wU4DmIxb0ZsmJvz7-fENfXcRg_-phLDFhyorBShAYNdC9KkgkY0-wlcb-E.D35GK7Z6ax-0dIwTpbmtcYF8kQUqF5cAISoRgvf7H7U&dib_tag=se&keywords=smart+watches&qid=1747131417&sr=8-19,N/A,smart watches,2
"mi Smart Watch for Kids, Men, Boys, Girls, and Women, ID116 Plus 2024, Latest for Android and iOS Phones, IP68 Waterproof with Daily Activity Tracker, Heart Rate Sensor, Sleep Monitor - Black",₹429,2.2,B0DWMY7JGC,https://www.amazon.in/Android-Waterproof-Activity-Tracker-Monitor/dp/B0DWMY7JGC/ref=sr_1_18?dib=eyJ2IjoiMSJ9.ufGcixDTmwrhHBNdjm2Wx-1Y4TYIG9SLzHfONYdH4IN-82THKAzUETh-DCuT2lxiamN01giMwPYRmTqYzcxoIc4NaMMgmzl3WL2BTWiroksNoQvKbtoplEyk0NS2jhpP8-tEPblt6RwtDosnIAt1NkZp3lobMizmZFEPdrbc6X4Ki2OK4wU4DmIxb0ZsmJvz7-fENfXcRg_-phLDFhyorBShAYNdC9KkgkY0-wlcb-E.D35GK7Z6ax-0dIwTpbmtcYF8kQUqF5cAISoRgvf7H7U&dib_tag=se&keywords=smart+watches&qid=1747131417&sr=8-18,N/A,smart watches,2
"Desi Mantra Best Boost Ultra Smart Watch Display, Bluetooth Calling HD Smart Smartwatch (Multicolour Free Size) (Black, 1.83)",₹699,3.0,B0F3XLBN8W,https://www.amazon.in/Desi-Mantra-Bluetooth-Smartwatch-Multicolour/dp/B0F3XLBN8W/ref=sr_1_17?dib=eyJ2IjoiMSJ9.ufGcixDTmwrhHBNdjm2Wx-1Y4TYIG9SLzHfONYdH4IN-82THKAzUETh-DCuT2lxiamN01giMwPYRmTqYzcxoIc4NaMMgmzl3WL2BTWiroksNoQvKbtoplEyk0NS2jhpP8-tEPblt6RwtDosnIAt1NkZp3lobMizmZFEPdrbc6X4Ki2OK4wU4DmIxb0ZsmJvz7-fENfXcRg_-phLDFhyorBShAYNdC9KkgkY0-wlcb-E.D35GK7Z6ax-0dIwTpbmtcYF8kQUqF5cAISoRgvf7H7U&dib_tag=se&keywords=smart+watches&qid=1747131417&sr=8-17,N/A,smart watches,2
"Bouncefit D20 Y68 Fitness Band Smart Watch for Men, Women, Boys, Girls, Kids – Single Touch Interface, Water Resistant, Workout Modes, Quick Charge Sports Smartwatch – Pink",₹488,3.4,B0C6F1GT12,https://www.amazon.in/Bouncefit-D20-Fitness-Band-Smartwatch/dp/B0C6F1GT12/ref=sr_1_22?dib=eyJ2IjoiMSJ9.ufGcixDTmwrhHBNdjm2Wx-1Y4TYIG9SLzHfONYdH4IN-82THKAzUETh-DCuT2lxiamN01giMwPYRmTqYzcxoIc4NaMMgmzl3WL2BTWiroksNoQvKbtoplEyk0NS2jhpP8-tEPblt6RwtDosnIAt1NkZp3lobMizmZFEPdrbc6X4Ki2OK4wU4DmIxb0ZsmJvz7-fENfXcRg_-phLDFhyorBShAYNdC9KkgkY0-wlcb-E.D35GK7Z6ax-0dIwTpbmtcYF8kQUqF5cAISoRgvf7H7U&dib_tag=se&keywords=smart+watches&qid=1747131417&sr=8-22,N/A,smart watches,2
"Boult Drift+ Smart Watch 1.85''HD Screen, Bluetooth Calling, IP68, 500 Nits Brightness,150+ Watchfaces, AI Voice Assistant, SpO2 Monitoring, 100+ Sports Mode Smartwatch (Black Coffee)","₹1,099",3.9,B0CQLXMDZ8,https://www.amazon.in/Boult-8906133851323-Drift/dp/B0CQLXMDZ8/ref=sr_1_20?dib=eyJ2IjoiMSJ9.ufGcixDTmwrhHBNdjm2Wx-1Y4TYIG9SLzHfONYdH4IN-82THKAzUETh-DCuT2lxiamN01giMwPYRmTqYzcxoIc4NaMMgmzl3WL2BTWiroksNoQvKbtoplEyk0NS2jhpP8-tEPblt6RwtDosnIAt1NkZp3lobMizmZFEPdrbc6X4Ki2OK4wU4DmIxb0ZsmJvz7-fENfXcRg_-phLDFhyorBShAYNdC9KkgkY0-wlcb-E.D35GK7Z6ax-0dIwTpbmtcYF8kQUqF5cAISoRgvf7H7U&dib_tag=se&keywords=smart+watches&qid=1747131417&sr=8-20,N/A,smart watches,2
"MARVIK Smart Watch for Kids, Men, Boys, Girls, and Women, D20 Plus 2025, Latest for Android and iOS Phones, IP68 Waterproof with Daily Activity Tracker, Heart Rate Sensor, Sleep Monitor Watch - Pink",₹475,3.0,B0DS13WMCT,https://www.amazon.in/MARVIK-D20-Plus-Waterproof-Activity/dp/B0DS13WMCT/ref=sr_1_23?dib=eyJ2IjoiMSJ9.ufGcixDTmwrhHBNdjm2Wx-1Y4TYIG9SLzHfONYdH4IN-82THKAzUETh-DCuT2lxiamN01giMwPYRmTqYzcxoIc4NaMMgmzl3WL2BTWiroksNoQvKbtoplEyk0NS2jhpP8-tEPblt6RwtDosnIAt1NkZp3lobMizmZFEPdrbc6X4Ki2OK4wU4DmIxb0ZsmJvz7-fENfXcRg_-phLDFhyorBShAYNdC9KkgkY0-wlcb-E.D35GK7Z6ax-0dIwTpbmtcYF8kQUqF5cAISoRgvf7H7U&dib_tag=se&keywords=smart+watches&qid=1747131417&sr=8-23,N/A,smart watches,2
"Fastrack New Astor FS1 PRO Smart Watch, Large Super AMOLED Display (1.97"") AOD, AI Voice Assistance, Functional Crown, SingleSync BT Calling, 100+ Sports Modes & Smartwatch Faces, IP68 (Black)","₹2,499",3.9,B0DB5XSKLJ,https://www.amazon.in/Fastrack-Assistance-Functional-SingleSync-Smartwatch/dp/B0DB5XSKLJ/ref=sr_1_24?dib=eyJ2IjoiMSJ9.ufGcixDTmwrhHBNdjm2Wx-1Y4TYIG9SLzHfONYdH4IN-82THKAzUETh-DCuT2lxiamN01giMwPYRmTqYzcxoIc4NaMMgmzl3WL2BTWiroksNoQvKbtoplEyk0NS2jhpP8-tEPblt6RwtDosnIAt1NkZp3lobMizmZFEPdrbc6X4Ki2OK4wU4DmIxb0ZsmJvz7-fENfXcRg_-phLDFhyorBShAYNdC9KkgkY0-wlcb-E.D35GK7Z6ax-0dIwTpbmtcYF8kQUqF5cAISoRgvf7H7U&dib_tag=se&keywords=smart+watches&qid=1747131417&sr=8-24,N/A,smart watches,2
"Fire-Boltt Brillia Pro Smart Watch with 51.3mm (2.02 inch) AMOLED Display, Bluetooth Calling, SpO2, Heart Rate Monitoring, 120+ Sports Modes, IP67 Waterproof, Long Battery Life (Grey Wave)","₹2,099",4.2,B0DT9ZX4F6,https://www.amazon.in/Fire-Boltt-Brillia-Bluetooth-Monitoring-Waterproof/dp/B0DT9ZX4F6/ref=sr_1_25?dib=eyJ2IjoiMSJ9.ufGcixDTmwrhHBNdjm2Wx-1Y4TYIG9SLzHfONYdH4IN-82THKAzUETh-DCuT2lxiamN01giMwPYRmTqYzcxoIc4NaMMgmzl3WL2BTWiroksNoQvKbtoplEyk0NS2jhpP8-tEPblt6RwtDosnIAt1NkZp3lobMizmZFEPdrbc6X4Ki2OK4wU4DmIxb0ZsmJvz7-fENfXcRg_-phLDFhyorBShAYNdC9KkgkY0-wlcb-E.D35GK7Z6ax-0dIwTpbmtcYF8kQUqF5cAISoRgvf7H7U&dib_tag=se&keywords=smart+watches&qid=1747131417&sr=8-25,N/A,smart watches,2
"Boult Drift+ Smart Watch 1.85''HD Screen, Bluetooth Calling, IP67, 500 Nits Brightness,150+ Watchfaces, AI Voice Assistant, SpO2 Monitoring, 100+ Sports Mode Smartwatch (Snow Leather)","₹1,099",3.9,B0CQLYXDXH,https://www.amazon.in/Boult-8906133851347-Drift/dp/B0CQLYXDXH/ref=sr_1_26?dib=eyJ2IjoiMSJ9.ufGcixDTmwrhHBNdjm2Wx-1Y4TYIG9SLzHfONYdH4IN-82THKAzUETh-DCuT2lxiamN01giMwPYRmTqYzcxoIc4NaMMgmzl3WL2BTWiroksNoQvKbtoplEyk0NS2jhpP8-tEPblt6RwtDosnIAt1NkZp3lobMizmZFEPdrbc6X4Ki2OK4wU4DmIxb0ZsmJvz7-fENfXcRg_-phLDFhyorBShAYNdC9KkgkY0-wlcb-E.D35GK7Z6ax-0dIwTpbmtcYF8kQUqF5cAISoRgvf7H7U&dib_tag=se&keywords=smart+watches&qid=1747131417&sr=8-26,N/A,smart watches,2
"Noise Twist Bluetooth Calling Smart Watch with 1.38"" TFT Biggest Display, Up-to 7 Days Battery, 100+ Watch Faces, IP68, Heart Rate Monitor, Sleep Tracking (Midnight Blue)","₹1,399",4.0,B0BJ74PQK6,https://www.amazon.in/Noise-Launched-Bluetooth-Tracking-Midnight/dp/B0BJ74PQK6/ref=sr_1_27?dib=eyJ2IjoiMSJ9.ufGcixDTmwrhHBNdjm2Wx-1Y4TYIG9SLzHfONYdH4IN-82THKAzUETh-DCuT2lxiamN01giMwPYRmTqYzcxoIc4NaMMgmzl3WL2BTWiroksNoQvKbtoplEyk0NS2jhpP8-tEPblt6RwtDosnIAt1NkZp3lobMizmZFEPdrbc6X4Ki2OK4wU4DmIxb0ZsmJvz7-fENfXcRg_-phLDFhyorBShAYNdC9KkgkY0-wlcb-E.D35GK7Z6ax-0dIwTpbmtcYF8kQUqF5cAISoRgvf7H7U&dib_tag=se&keywords=smart+watches&qid=1747131417&sr=8-27,N/A,smart watches,2
"Fire-Boltt Ninja Call Pro Plus Smart Watch 1.83 inch with Bluetooth Calling, AI Voice Assistance, 100 Sports Modes IP67 Rating, 240 * 280 Pixel High Resolution (Blue)","₹1,399",3.9,B0BF563HB4,https://www.amazon.in/Fire-Boltt-Bluetooth-Calling-Assistance-Resolution/dp/B0BF563HB4/ref=sr_1_28?dib=eyJ2IjoiMSJ9.ufGcixDTmwrhHBNdjm2Wx-1Y4TYIG9SLzHfONYdH4IN-82THKAzUETh-DCuT2lxiamN01giMwPYRmTqYzcxoIc4NaMMgmzl3WL2BTWiroksNoQvKbtoplEyk0NS2jhpP8-tEPblt6RwtDosnIAt1NkZp3lobMizmZFEPdrbc6X4Ki2OK4wU4DmIxb0ZsmJvz7-fENfXcRg_-phLDFhyorBShAYNdC9KkgkY0-wlcb-E.D35GK7Z6ax-0dIwTpbmtcYF8kQUqF5cAISoRgvf7H7U&dib_tag=se&keywords=smart+watches&qid=1747131417&sr=8-28,N/A,smart watches,2
"Noise Twist Go Round dial Smartwatch with BT Calling, 1.39"" Display, Metal Build, 100+ Watch Faces, IP68, Sleep Tracking, 100+ Sports Modes, 24/7 Heart Rate Monitoring (Elite Black)","₹1,699",3.8,B0CQ4J4YFL,https://www.amazon.in/Noise-Smartwatch-Calling-Tracking-Monitoring/dp/B0CQ4J4YFL/ref=sr_1_29?dib=eyJ2IjoiMSJ9.ufGcixDTmwrhHBNdjm2Wx-1Y4TYIG9SLzHfONYdH4IN-82THKAzUETh-DCuT2lxiamN01giMwPYRmTqYzcxoIc4NaMMgmzl3WL2BTWiroksNoQvKbtoplEyk0NS2jhpP8-tEPblt6RwtDosnIAt1NkZp3lobMizmZFEPdrbc6X4Ki2OK4wU4DmIxb0ZsmJvz7-fENfXcRg_-phLDFhyorBShAYNdC9KkgkY0-wlcb-E.D35GK7Z6ax-0dIwTpbmtcYF8kQUqF5cAISoRgvf7H7U&dib_tag=se&keywords=smart+watches&qid=1747131417&sr=8-29,N/A,smart watches,2
"Fire-Boltt Phoenix Pro Smart Watch 1.39 inch Bluetooth Calling, AI Voice Assistant, Metal Body with 120+ Sports Modes, SpO2, Heart Rate Monitoring (Black)","₹1,399",3.9,B0BRKXXPZ7,https://www.amazon.in/Fire-Boltt-Bluetooth-Smartwatch-Assistant-Monitoring/dp/B0BRKXXPZ7/ref=sr_1_31?dib=eyJ2IjoiMSJ9.ufGcixDTmwrhHBNdjm2Wx-1Y4TYIG9SLzHfONYdH4IN-82THKAzUETh-DCuT2lxiamN01giMwPYRmTqYzcxoIc4NaMMgmzl3WL2BTWiroksNoQvKbtoplEyk0NS2jhpP8-tEPblt6RwtDosnIAt1NkZp3lobMizmZFEPdrbc6X4Ki2OK4wU4DmIxb0ZsmJvz7-fENfXcRg_-phLDFhyorBShAYNdC9KkgkY0-wlcb-E.D35GK7Z6ax-0dIwTpbmtcYF8kQUqF5cAISoRgvf7H7U&dib_tag=se&keywords=smart+watches&qid=1747131417&sr=8-31,N/A,smart watches,2
"Noise Pulse Go Buzz Smart Watch with Advanced Bluetooth Calling, 1.69"" TFT Display, SpO2, 100 Sports Mode with Auto Detection, Upto 7 Days Battery (2 Days with Heavy Calling) - Jet Black","₹1,299",4.0,B0B5LVS732,https://www.amazon.in/Noise-Bluetooth-Calling-Tracking-Detection/dp/B0B5LVS732/ref=sr_1_30?dib=eyJ2IjoiMSJ9.ufGcixDTmwrhHBNdjm2Wx-1Y4TYIG9SLzHfONYdH4IN-82THKAzUETh-DCuT2lxiamN01giMwPYRmTqYzcxoIc4NaMMgmzl3WL2BTWiroksNoQvKbtoplEyk0NS2jhpP8-tEPblt6RwtDosnIAt1NkZp3lobMizmZFEPdrbc6X4Ki2OK4wU4DmIxb0ZsmJvz7-fENfXcRg_-phLDFhyorBShAYNdC9KkgkY0-wlcb-E.D35GK7Z6ax-0dIwTpbmtcYF8kQUqF5cAISoRgvf7H7U&dib_tag=se&keywords=smart+watches&qid=1747131417&sr=8-30,N/A,smart watches,2
"Noise Twist Go Round dial Smartwatch with BT Calling, 1.39"" Display, Metal Build, 100+ Watch Faces, IP68, Sleep Tracking, 100+ Sports Modes, 24/7 Heart Rate Monitoring (Rose Pink)","₹1,399",3.8,B0CQ4JT6NT,https://www.amazon.in/Noise-Smartwatch-Calling-Tracking-Monitoring/dp/B0CQ4JT6NT/ref=sr_1_32?dib=eyJ2IjoiMSJ9.ufGcixDTmwrhHBNdjm2Wx-1Y4TYIG9SLzHfONYdH4IN-82THKAzUETh-DCuT2lxiamN01giMwPYRmTqYzcxoIc4NaMMgmzl3WL2BTWiroksNoQvKbtoplEyk0NS2jhpP8-tEPblt6RwtDosnIAt1NkZp3lobMizmZFEPdrbc6X4Ki2OK4wU4DmIxb0ZsmJvz7-fENfXcRg_-phLDFhyorBShAYNdC9KkgkY0-wlcb-E.D35GK7Z6ax-0dIwTpbmtcYF8kQUqF5cAISoRgvf7H7U&dib_tag=se&keywords=smart+watches&qid=1747131417&sr=8-32,N/A,smart watches,2
"Noise Twist Go Smart Watch 1.39"" Display, TruSyncᵀᴹ BT Calling, Glossy Metal Finish, 100+ Watch Faces, IP68, Sleep Tracking, 100+ Sports Modes, Smart Watch for Men and Women (Jet Black)","₹1,399",3.8,B0CQ4KTCH1,https://www.amazon.in/Noise-Smartwatch-Calling-Tracking-Monitoring/dp/B0CQ4KTCH1/ref=sr_1_21?dib=eyJ2IjoiMSJ9.ufGcixDTmwrhHBNdjm2Wx-1Y4TYIG9SLzHfONYdH4IN-82THKAzUETh-DCuT2lxiamN01giMwPYRmTqYzcxoIc4NaMMgmzl3WL2BTWiroksNoQvKbtoplEyk0NS2jhpP8-tEPblt6RwtDosnIAt1NkZp3lobMizmZFEPdrbc6X4Ki2OK4wU4DmIxb0ZsmJvz7-fENfXcRg_-phLDFhyorBShAYNdC9KkgkY0-wlcb-E.D35GK7Z6ax-0dIwTpbmtcYF8kQUqF5cAISoRgvf7H7U&dib_tag=se&keywords=smart+watches&qid=1747131417&sr=8-21,No reviews found,smart watches,2
